{"cameraMode":{"drawMode":0,"name":"Shaded","section":"Shading Mode"},"sceneLighting":true,"audioPlay":false,"sceneViewState":{"m_AlwaysRefresh":false,"showFog":true,"showSkybox":true,"showFlares":true,"showImageEffects":true,"showParticleSystems":true,"showVisualEffectGraphs":true,"m_FxEnabled":true},"in2DMode":false,"pivot":{"x":545.7385864257813,"y":-184.20278930664063,"z":-735.6674194335938},"rotation":{"x":-0.02582576498389244,"y":-0.9596079587936401,"z":0.09201890975236893,"w":-0.26488032937049868},"size":508.13226318359377,"orthographic":false}