{"cameraMode":{"drawMode":0,"name":"Shaded","section":"Shading Mode"},"sceneLighting":true,"audioPlay":false,"sceneViewState":{"m_AlwaysRefresh":false,"showFog":true,"showSkybox":true,"showFlares":true,"showImageEffects":true,"showParticleSystems":true,"showVisualEffectGraphs":true,"m_FxEnabled":true},"in2DMode":false,"pivot":{"x":-71.15513610839844,"y":59.15565872192383,"z":24.36288070678711},"rotation":{"x":0.001321679214015603,"y":-0.4468495845794678,"z":0.0007118028588593006,"w":0.8946366310119629},"size":151.8899688720703,"orthographic":false}