{"cameraMode":{"drawMode":0,"name":"Shaded","section":"Shading Mode"},"sceneLighting":true,"audioPlay":false,"sceneViewState":{"m_AlwaysRefresh":false,"showFog":true,"showSkybox":true,"showFlares":true,"showImageEffects":true,"showParticleSystems":true,"showVisualEffectGraphs":true,"m_FxEnabled":true},"in2DMode":false,"pivot":{"x":-0.0042476654052734379,"y":-24.33114242553711,"z":63.51657485961914},"rotation":{"x":-0.08758998662233353,"y":0.6767502427101135,"z":-0.08160637319087982,"w":-0.7264557480812073},"size":72.2034683227539,"orthographic":false}